<?xml version="1.0" encoding="UTF-8"?>
<project-private xmlns="http://www.netbeans.org/ns/project-private/1">
    <editor-bookmarks xmlns="http://www.netbeans.org/ns/editor-bookmarks/2" lastBookmarkId="0"/>
    <open-files xmlns="http://www.netbeans.org/ns/projectui-open-files/2">
        <group name="UT07 Uso avanzado de clases">
            <file>file:/home/jar/NetBeansProjects/javaEjemplosUT/UT07/HarryPOOtter/src/harrypootter/hogwarts/Curso.java</file>
            <file>file:/home/jar/NetBeansProjects/javaEjemplosUT/UT07/HarryPOOtter/src/harrypootter/hogwarts/Casa.java</file>
            <file>file:/home/jar/NetBeansProjects/javaEjemplosUT/UT07/HarryPOOtter/src/harrypootter/alumnado/Alumno.java</file>
            <file>file:/home/jar/NetBeansProjects/javaEjemplosUT/UT07/HarryPOOtter/src/harrypootter/alumnado/Excelencia.java</file>
            <file>file:/home/jar/NetBeansProjects/javaEjemplosUT/UT07/HarryPOOtter/src/harrypootter/hogwarts/Asignatura.java</file>
            <file>file:/home/jar/NetBeansProjects/javaEjemplosUT/UT07/HarryPOOtter/src/harrypootter/hogwarts/Incidencia.java</file>
            <file>file:/home/jar/NetBeansProjects/javaEjemplosUT/UT07/HarryPOOtter/src/harrypootter/hogwarts/Asignaturas.java</file>
            <file>file:/home/jar/NetBeansProjects/javaEjemplosUT/UT07/HarryPOOtter/src/harrypootter/artilugios/InformacionParaMuggles.java</file>
            <file>file:/home/jar/NetBeansProjects/javaEjemplosUT/UT07/HarryPOOtter/src/harrypootter/hogwarts/Historia.java</file>
            <file>file:/home/jar/NetBeansProjects/javaEjemplosUT/UT07/HarryPOOtter/src/harrypootter/hogwarts/Afinidad.java</file>
            <file>file:/home/jar/NetBeansProjects/javaEjemplosUT/UT07/HarryPOOtter/src/harrypootter/hogwarts/EnumCasa.java</file>
            <file>file:/home/jar/NetBeansProjects/javaEjemplosUT/UT07/HarryPOOtter/src/harrypootter/hogwarts/Profesor.java</file>
            <file>file:/home/jar/NetBeansProjects/javaEjemplosUT/UT07/HarryPOOtter/src/harrypootter/artilugios/Pensadero.java</file>
            <file>file:/home/jar/NetBeansProjects/javaEjemplosUT/UT07/HarryPOOtter/src/harrypootter/HarryPOOtter.java</file>
            <file>file:/home/jar/NetBeansProjects/javaEjemplosUT/UT07/HarryPOOtter/src/harrypootter/alumnado/Expediente.java</file>
            <file>file:/home/jar/NetBeansProjects/javaEjemplosUT/UT07/HarryPOOtter/src/harrypootter/alumnado/AlumnoGryffindor.java</file>
        </group>
    </open-files>
</project-private>
